OrderID,OrderDate,CustomerID,CustomerName,Region,ProductCategory,ProductName,UnitPrice,Quantity,TotalAmount
ORD00230,2025-01-10,CUST0005,Customer 005,North,Electronics,Laptop,267.24,5,1336.2
ORD00338,2025-08-15,CUST0108,Customer 108,South,Books,Comics,14.04,1,14.04
ORD00328,2025-08-04,CUST0083,Customer 083,North,Sports,Yoga Mat,370.13,3,1110.39
ORD00417,2025-04-12,CUST0041,Customer 041,Central,Clothing,T-Shirt,17.53,1,17.53
ORD00307,2025-03-11,CUST0018,Customer 018,East,Beauty,Sunscreen,81.8,3,245.4
ORD00132,2025-04-23,CUST0062,Customer 062,East,Electronics,Smartphone,1068.64,1,1068.64
ORD00006,2025-01-21,CUST0033,Customer 033,South,Home & Kitchen,Toaster,139.09,2,278.18
ORD00432,2025-07-29,CUST0118,Customer 118,Central,Sports,Bicycle Helmet,302.74,2,605.48
ORD00435,2025-02-22,CUST0055,Customer 055,East,Electronics,Tablet,230.77,1,230.77
ORD00135,2025-01-28,CUST0078,Customer 078,Central,Beauty,Sunscreen,103.13,1,103.13
ORD00277,2025-03-27,CUST0092,Customer 092,East,Beauty,Lipstick,82.59,1,82.59
ORD00265,2025-04-11,CUST0021,Customer 021,West,Beauty,Sunscreen,29.0,1,29.0
ORD00035,2025-08-17,CUST0023,Customer 023,East,Home & Kitchen,Vacuum Cleaner,251.66,2,503.32
ORD00275,2025-06-03,CUST0028,Customer 028,Central,Beauty,Shampoo,35.84,2,71.68
ORD00490,2025-07-19,CUST0110,Customer 110,East,Books,Textbook,53.19,2,106.38
ORD00012,2025-01-14,CUST0114,Customer 114,East,Clothing,Jeans,83.23,1,83.23
ORD00379,2025-07-07,CUST0007,Customer 007,West,Electronics,Smartphone,1781.03,5,8905.15
ORD00468,2025-08-05,CUST0050,Customer 050,West,Books,Cookbook,77.98,2,155.96
ORD00426,2025-05-03,CUST0006,Customer 006,West,Beauty,Perfume,91.24,2,182.48
ORD00242,2025-01-14,CUST0032,Customer 032,North,Beauty,Perfume,72.09,1,72.09
ORD00094,2025-07-10,CUST0086,Customer 086,West,Electronics,Headphones,757.08,1,757.08
ORD00311,2025-06-17,CUST0098,Customer 098,Central,Home & Kitchen,Microwave,250.19,2,500.38
ORD00190,2025-02-22,CUST0066,Customer 066,South,Beauty,Lipstick,52.67,2,105.34
ORD00278,2025-03-12,CUST0001,Customer 001,Central,Books,Comics,28.25,1,28.25
ORD00139,2025-02-11,CUST0058,Customer 058,Central,Books,Textbook,9.32,2,18.64
ORD00333,2025-08-01,CUST0086,Customer 086,Central,Electronics,Headphones,1843.65,1,1843.65
ORD00314,2025-02-23,CUST0107,Customer 107,Central,Beauty,Lipstick,31.73,1,31.73
ORD00060,2025-05-31,CUST0031,Customer 031,South,Books,Novel,70.8,1,70.8
ORD00213,2025-08-02,CUST0034,Customer 034,West,Sports,Bicycle Helmet,285.5,2,571.0
ORD00172,2025-04-15,CUST0099,Customer 099,South,Books,Cookbook,15.04,1,15.04
ORD00376,2025-03-21,CUST0040,Customer 040,Central,Electronics,Smartwatch,603.78,1,603.78
ORD00086,2025-06-24,CUST0086,Customer 086,West,Home & Kitchen,Vacuum Cleaner,159.49,1,159.49
ORD00267,2025-04-25,CUST0040,Customer 040,East,Home & Kitchen,Vacuum Cleaner,252.96,1,252.96
ORD00037,2025-08-31,CUST0086,Customer 086,South,Clothing,Jeans,177.29,2,354.58
ORD00273,2025-01-25,CUST0071,Customer 071,East,Home & Kitchen,Blender,87.07,1,87.07
ORD00288,2025-03-08,CUST0088,Customer 088,North,Clothing,Sneakers,47.26,2,94.52
ORD00186,2025-02-21,CUST0038,Customer 038,Central,Home & Kitchen,Vacuum Cleaner,194.09,4,776.36
ORD00339,2025-02-06,CUST0043,Customer 043,Central,Sports,Dumbbells,179.84,2,359.68
ORD00034,2025-08-29,CUST0052,Customer 052,North,Home & Kitchen,Toaster,236.23,2,472.46
ORD00344,2025-01-13,CUST0013,Customer 013,South,Beauty,Shampoo,60.67,4,242.68
ORD00364,2025-08-15,CUST0102,Customer 102,South,Sports,Football,317.12,2,634.24
ORD00010,2025-03-05,CUST0003,Customer 003,Central,Clothing,T-Shirt,173.39,2,346.78
ORD00205,2025-04-19,CUST0026,Customer 026,West,Beauty,Shampoo,10.32,1,10.32
ORD00473,2025-06-06,CUST0096,Customer 096,South,Sports,Yoga Mat,128.76,5,643.8
ORD00049,2025-08-08,CUST0054,Customer 054,Central,Clothing,Jacket,16.28,1,16.28
ORD00281,2025-06-17,CUST0019,Customer 019,East,Electronics,Smartwatch,271.56,2,543.12
ORD00016,2025-05-14,CUST0054,Customer 054,East,Electronics,Headphones,1161.41,1,1161.41
ORD00185,2025-01-30,CUST0079,Customer 079,North,Sports,Dumbbells,227.18,4,908.72
ORD00025,2025-03-22,CUST0008,Customer 008,South,Clothing,Jacket,148.51,2,297.02
ORD00083,2025-06-09,CUST0087,Customer 087,North,Electronics,Headphones,646.68,1,646.68
ORD00290,2025-02-20,CUST0097,Customer 097,West,Electronics,Smartwatch,1179.93,2,2359.86
ORD00183,2025-05-22,CUST0066,Customer 066,South,Electronics,Smartphone,1639.33,4,6557.32
ORD00014,2025-06-21,CUST0008,Customer 008,North,Sports,Football,31.68,4,126.72
ORD00115,2025-05-27,CUST0058,Customer 058,North,Sports,Bicycle Helmet,258.0,2,516.0
ORD00476,2025-01-26,CUST0008,Customer 008,East,Beauty,Perfume,130.37,2,260.74
ORD00441,2025-02-06,CUST0004,Customer 004,North,Beauty,Shampoo,111.63,2,223.26
ORD00309,2025-08-18,CUST0076,Customer 076,East,Beauty,Lipstick,34.93,1,34.93
ORD00369,2025-05-19,CUST0059,Customer 059,North,Sports,Football,151.47,1,151.47
ORD00056,2025-05-28,CUST0059,Customer 059,Central,Books,Novel,21.52,2,43.04
ORD00133,2025-05-21,CUST0059,Customer 059,East,Home & Kitchen,Air Fryer,62.49,1,62.49
ORD00238,2025-04-15,CUST0101,Customer 101,Central,Electronics,Tablet,523.01,1,523.01
ORD00471,2025-02-21,CUST0080,Customer 080,North,Beauty,Lipstick,141.27,2,282.54
ORD00076,2025-01-21,CUST0030,Customer 030,South,Clothing,Sneakers,132.57,2,265.14
ORD00317,2025-08-15,CUST0054,Customer 054,West,Clothing,Dress,100.45,2,200.9
ORD00371,2025-05-26,CUST0070,Customer 070,South,Sports,Tennis Racket,481.63,1,481.63
ORD00152,2025-04-02,CUST0062,Customer 062,South,Electronics,Laptop,890.41,1,890.41
ORD00073,2025-06-25,CUST0076,Customer 076,North,Beauty,Moisturizer,78.78,2,157.56
ORD00173,2025-02-24,CUST0006,Customer 006,East,Sports,Bicycle Helmet,350.48,2,700.96
ORD00165,2025-07-24,CUST0092,Customer 092,South,Clothing,Sneakers,61.48,1,61.48
ORD00189,2025-01-17,CUST0084,Customer 084,North,Sports,Tennis Racket,237.68,5,1188.4
ORD00171,2025-02-28,CUST0027,Customer 027,South,Sports,Dumbbells,291.0,1,291.0
ORD00027,2025-05-15,CUST0073,Customer 073,North,Books,Textbook,51.75,1,51.75
ORD00102,2025-03-04,CUST0019,Customer 019,West,Books,Cookbook,37.92,1,37.92
ORD00393,2025-06-13,CUST0099,Customer 099,West,Clothing,Dress,122.94,1,122.94
ORD00318,2025-05-30,CUST0069,Customer 069,Central,Sports,Dumbbells,249.62,1,249.62
ORD00108,2025-01-22,CUST0093,Customer 093,North,Books,Novel,36.47,1,36.47
ORD00050,2025-05-09,CUST0019,Customer 019,North,Clothing,Sneakers,139.33,2,278.66
ORD00161,2025-06-05,CUST0117,Customer 117,Central,Electronics,Headphones,663.16,1,663.16
ORD00370,2025-02-07,CUST0072,Customer 072,Central,Sports,Football,352.42,1,352.42
ORD00224,2025-07-13,CUST0079,Customer 079,East,Home & Kitchen,Vacuum Cleaner,225.64,1,225.64
ORD00382,2025-04-10,CUST0002,Customer 002,North,Clothing,Jacket,168.11,2,336.22
ORD00368,2025-06-19,CUST0009,Customer 009,Central,Books,Comics,29.68,4,118.72
ORD00363,2025-03-23,CUST0062,Customer 062,South,Books,Biography,79.73,3,239.19
ORD00250,2025-02-02,CUST0068,Customer 068,West,Home & Kitchen,Toaster,238.71,2,477.42
ORD00329,2025-08-03,CUST0101,Customer 101,West,Clothing,Jacket,141.53,3,424.59
ORD00449,2025-01-14,CUST0078,Customer 078,Central,Clothing,Jeans,107.4,1,107.4
ORD00067,2025-04-14,CUST0084,Customer 084,East,Sports,Yoga Mat,296.63,1,296.63
ORD00464,2025-01-26,CUST0029,Customer 029,North,Electronics,Tablet,1334.01,1,1334.01
ORD00321,2025-07-20,CUST0026,Customer 026,Central,Clothing,T-Shirt,100.11,1,100.11
ORD00126,2025-03-16,CUST0029,Customer 029,North,Beauty,Lipstick,10.68,1,10.68
ORD00143,2025-05-21,CUST0040,Customer 040,North,Clothing,Dress,23.82,3,71.46
ORD00235,2025-03-19,CUST0117,Customer 117,East,Clothing,Jeans,148.86,4,595.44
ORD00043,2025-07-19,CUST0027,Customer 027,North,Electronics,Laptop,922.21,1,922.21
ORD00191,2025-08-28,CUST0075,Customer 075,West,Electronics,Smartwatch,290.35,1,290.35
ORD00042,2025-04-26,CUST0077,Customer 077,Central,Sports,Football,432.45,1,432.45
ORD00253,2025-07-03,CUST0015,Customer 015,Central,Clothing,Jacket,161.49,1,161.49
ORD00103,2025-08-17,CUST0090,Customer 090,South,Electronics,Smartwatch,1930.9,3,5792.7
ORD00262,2025-03-13,CUST0106,Customer 106,Central,Home & Kitchen,Blender,314.22,1,314.22
ORD00352,2025-07-26,CUST0073,Customer 073,South,Sports,Bicycle Helmet,68.09,1,68.09
ORD00462,2025-05-14,CUST0108,Customer 108,West,Beauty,Moisturizer,83.29,1,83.29
ORD00200,2025-05-01,CUST0086,Customer 086,South,Clothing,Sneakers,25.53,3,76.59
ORD00451,2025-05-05,CUST0111,Customer 111,South,Electronics,Tablet,1246.9,2,2493.8
ORD00232,2025-04-11,CUST0073,Customer 073,South,Home & Kitchen,Microwave,310.09,2,620.18
ORD00096,2025-06-29,CUST0042,Customer 042,West,Beauty,Lipstick,124.28,1,124.28
ORD00055,2025-07-20,CUST0059,Customer 059,South,Clothing,Jeans,45.44,1,45.44
ORD00310,2025-08-01,CUST0027,Customer 027,South,Sports,Football,451.51,3,1354.53
ORD00342,2025-01-16,CUST0109,Customer 109,West,Beauty,Sunscreen,94.3,1,94.3
ORD00347,2025-01-16,CUST0056,Customer 056,South,Electronics,Headphones,652.62,1,652.62
ORD00156,2025-08-17,CUST0036,Customer 036,East,Electronics,Smartphone,1174.63,5,5873.15
ORD00300,2025-02-22,CUST0044,Customer 044,South,Beauty,Shampoo,36.83,5,184.15
ORD00287,2025-06-27,CUST0007,Customer 007,West,Clothing,Jeans,135.2,1,135.2
ORD00460,2025-06-24,CUST0101,Customer 101,East,Sports,Football,273.75,2,547.5
ORD00292,2025-02-15,CUST0107,Customer 107,Central,Clothing,T-Shirt,192.9,4,771.6
ORD00197,2025-05-29,CUST0070,Customer 070,South,Beauty,Sunscreen,22.49,1,22.49
ORD00001,2025-04-13,CUST0052,Customer 052,North,Electronics,Tablet,1908.82,2,3817.64
ORD00403,2025-01-01,CUST0058,Customer 058,East,Home & Kitchen,Toaster,360.29,1,360.29
ORD00149,2025-05-06,CUST0067,Customer 067,West,Electronics,Headphones,619.31,1,619.31
ORD00439,2025-07-26,CUST0097,Customer 097,North,Sports,Yoga Mat,422.62,1,422.62
ORD00296,2025-01-29,CUST0060,Customer 060,West,Sports,Dumbbells,356.41,4,1425.64
ORD00151,2025-05-07,CUST0105,Customer 105,East,Clothing,Jeans,151.4,2,302.8
ORD00192,2025-07-02,CUST0080,Customer 080,South,Electronics,Headphones,431.02,1,431.02
ORD00268,2025-02-22,CUST0009,Customer 009,South,Clothing,Dress,49.06,2,98.12
ORD00021,2025-02-22,CUST0024,Customer 024,North,Beauty,Shampoo,56.73,1,56.73
ORD00121,2025-02-12,CUST0044,Customer 044,Central,Beauty,Perfume,44.72,1,44.72
ORD00227,2025-05-20,CUST0047,Customer 047,North,Sports,Football,358.01,2,716.02
ORD00456,2025-04-28,CUST0014,Customer 014,West,Sports,Yoga Mat,175.48,1,175.48
ORD00385,2025-07-07,CUST0064,Customer 064,Central,Beauty,Shampoo,83.3,2,166.6
ORD00294,2025-07-29,CUST0007,Customer 007,West,Books,Cookbook,52.49,2,104.98
ORD00422,2025-06-07,CUST0033,Customer 033,North,Beauty,Shampoo,124.55,1,124.55
ORD00375,2025-07-24,CUST0109,Customer 109,West,Clothing,Sneakers,149.44,2,298.88
ORD00345,2025-05-03,CUST0039,Customer 039,East,Books,Novel,5.71,1,5.71
ORD00384,2025-04-23,CUST0105,Customer 105,South,Books,Biography,52.39,1,52.39
ORD00425,2025-06-21,CUST0049,Customer 049,South,Beauty,Moisturizer,142.97,1,142.97
ORD00428,2025-03-13,CUST0050,Customer 050,North,Electronics,Tablet,1306.81,2,2613.62
ORD00032,2025-04-13,CUST0027,Customer 027,North,Home & Kitchen,Blender,221.02,1,221.02
ORD00247,2025-07-11,CUST0116,Customer 116,North,Sports,Dumbbells,400.1,2,800.2
ORD00022,2025-05-04,CUST0109,Customer 109,East,Electronics,Laptop,410.71,3,1232.13
ORD00479,2025-02-17,CUST0069,Customer 069,North,Sports,Football,294.93,1,294.93
ORD00163,2025-08-08,CUST0101,Customer 101,North,Beauty,Sunscreen,146.29,5,731.45
ORD00182,2025-04-22,CUST0047,Customer 047,East,Home & Kitchen,Microwave,182.7,2,365.4
ORD00415,2025-03-05,CUST0082,Customer 082,North,Sports,Football,247.77,2,495.54
ORD00080,2025-01-06,CUST0099,Customer 099,South,Electronics,Smartphone,1533.28,4,6133.12
ORD00160,2025-08-12,CUST0016,Customer 016,East,Sports,Bicycle Helmet,446.78,1,446.78
ORD00420,2025-05-28,CUST0033,Customer 033,East,Beauty,Perfume,86.15,1,86.15
ORD00122,2025-02-15,CUST0002,Customer 002,Central,Beauty,Lipstick,10.65,2,21.3
ORD00411,2025-05-06,CUST0108,Customer 108,South,Books,Comics,23.57,2,47.14
ORD00092,2025-08-26,CUST0016,Customer 016,West,Sports,Tennis Racket,39.62,3,118.86
ORD00377,2025-02-17,CUST0041,Customer 041,North,Home & Kitchen,Air Fryer,150.25,1,150.25
ORD00480,2025-07-13,CUST0114,Customer 114,East,Home & Kitchen,Toaster,251.86,1,251.86
ORD00467,2025-08-30,CUST0088,Customer 088,Central,Books,Comics,56.45,1,56.45
ORD00212,2025-08-21,CUST0109,Customer 109,North,Clothing,Jacket,101.12,2,202.24
ORD00053,2025-02-07,CUST0024,Customer 024,Central,Electronics,Tablet,1020.06,5,5100.3
ORD00179,2025-02-08,CUST0026,Customer 026,South,Beauty,Moisturizer,77.23,1,77.23
ORD00337,2025-08-22,CUST0103,Customer 103,West,Sports,Football,32.95,2,65.9
ORD00202,2025-01-01,CUST0008,Customer 008,South,Clothing,Jacket,152.17,1,152.17
ORD00157,2025-05-26,CUST0047,Customer 047,East,Home & Kitchen,Toaster,261.02,2,522.04
ORD00481,2025-06-10,CUST0041,Customer 041,North,Books,Cookbook,79.5,2,159.0
ORD00105,2025-01-01,CUST0111,Customer 111,Central,Electronics,Laptop,612.95,2,1225.9
ORD00293,2025-07-01,CUST0085,Customer 085,South,Electronics,Smartwatch,901.83,1,901.83
ORD00330,2025-01-25,CUST0082,Customer 082,North,Home & Kitchen,Air Fryer,208.53,1,208.53
ORD00402,2025-03-25,CUST0006,Customer 006,North,Books,Biography,62.01,1,62.01
ORD00407,2025-02-22,CUST0008,Customer 008,East,Sports,Football,388.9,3,1166.7
ORD00210,2025-03-27,CUST0090,Customer 090,Central,Beauty,Moisturizer,82.62,1,82.62
ORD00201,2025-03-04,CUST0048,Customer 048,North,Beauty,Perfume,13.86,1,13.86
ORD00489,2025-02-04,CUST0044,Customer 044,Central,Clothing,T-Shirt,12.79,2,25.58
ORD00427,2025-08-11,CUST0032,Customer 032,West,Electronics,Laptop,702.85,4,2811.4
ORD00007,2025-08-24,CUST0089,Customer 089,Central,Electronics,Smartwatch,688.77,2,1377.54
ORD00148,2025-06-16,CUST0091,Customer 091,East,Home & Kitchen,Blender,118.27,1,118.27
ORD00176,2025-03-26,CUST0078,Customer 078,Central,Beauty,Perfume,34.73,1,34.73
ORD00357,2025-03-13,CUST0020,Customer 020,North,Clothing,Jacket,169.19,1,169.19
ORD00204,2025-08-06,CUST0028,Customer 028,South,Home & Kitchen,Microwave,163.34,1,163.34
ORD00499,2025-05-21,CUST0086,Customer 086,North,Beauty,Lipstick,33.21,1,33.21
ORD00264,2025-02-10,CUST0086,Customer 086,West,Books,Textbook,73.3,1,73.3
ORD00180,2025-01-03,CUST0050,Customer 050,East,Books,Cookbook,68.91,2,137.82
ORD00438,2025-08-31,CUST0035,Customer 035,East,Books,Comics,21.54,1,21.54
ORD00353,2025-07-15,CUST0012,Customer 012,South,Sports,Tennis Racket,478.86,2,957.72
ORD00373,2025-02-14,CUST0096,Customer 096,East,Books,Biography,43.71,4,174.84
ORD00286,2025-05-04,CUST0097,Customer 097,East,Sports,Dumbbells,27.31,1,27.31
ORD00222,2025-03-16,CUST0004,Customer 004,South,Sports,Tennis Racket,17.57,5,87.85
ORD00261,2025-04-10,CUST0112,Customer 112,East,Books,Novel,57.25,4,229.0
ORD00166,2025-02-04,CUST0006,Customer 006,North,Beauty,Perfume,142.72,2,285.44
ORD00436,2025-07-17,CUST0018,Customer 018,South,Sports,Dumbbells,331.83,1,331.83
ORD00276,2025-03-22,CUST0084,Customer 084,South,Home & Kitchen,Vacuum Cleaner,197.12,2,394.24
ORD00237,2025-05-30,CUST0060,Customer 060,South,Clothing,T-Shirt,169.95,1,169.95
ORD00039,2025-04-18,CUST0044,Customer 044,Central,Clothing,Dress,89.14,3,267.42
ORD00390,2025-01-17,CUST0012,Customer 012,East,Sports,Yoga Mat,47.67,2,95.34
ORD00193,2025-01-08,CUST0004,Customer 004,South,Sports,Bicycle Helmet,103.21,1,103.21
ORD00478,2025-01-01,CUST0019,Customer 019,North,Electronics,Smartphone,1890.62,3,5671.86
ORD00013,2025-05-10,CUST0084,Customer 084,South,Clothing,T-Shirt,55.79,2,111.58
ORD00430,2025-05-14,CUST0058,Customer 058,South,Books,Textbook,63.79,1,63.79
ORD00285,2025-02-01,CUST0010,Customer 010,North,Electronics,Smartwatch,650.88,2,1301.76
ORD00031,2025-01-01,CUST0005,Customer 005,South,Beauty,Perfume,86.39,2,172.78
ORD00145,2025-03-24,CUST0008,Customer 008,South,Home & Kitchen,Microwave,165.35,1,165.35
ORD00365,2025-03-30,CUST0073,Customer 073,East,Beauty,Sunscreen,134.76,3,404.28
ORD00203,2025-07-26,CUST0047,Customer 047,East,Books,Novel,32.79,1,32.79
ORD00158,2025-06-08,CUST0001,Customer 001,East,Electronics,Smartphone,1310.98,2,2621.96
ORD00283,2025-04-24,CUST0094,Customer 094,North,Books,Comics,46.97,1,46.97
ORD00243,2025-01-23,CUST0063,Customer 063,Central,Electronics,Smartwatch,1080.03,1,1080.03
ORD00453,2025-03-30,CUST0028,Customer 028,North,Home & Kitchen,Air Fryer,121.8,2,243.6
ORD00413,2025-04-27,CUST0002,Customer 002,South,Clothing,Sneakers,161.54,1,161.54
ORD00348,2025-06-07,CUST0025,Customer 025,North,Beauty,Shampoo,53.77,2,107.54
ORD00495,2025-03-28,CUST0070,Customer 070,East,Clothing,Jacket,151.91,2,303.82
ORD00082,2025-07-07,CUST0097,Customer 097,West,Sports,Football,51.54,1,51.54
ORD00106,2025-02-17,CUST0089,Customer 089,West,Electronics,Smartwatch,1371.37,1,1371.37
ORD00406,2025-03-13,CUST0060,Customer 060,North,Beauty,Moisturizer,31.9,3,95.7
ORD00228,2025-02-07,CUST0037,Customer 037,Central,Electronics,Tablet,1086.29,4,4345.16
ORD00038,2025-03-03,CUST0057,Customer 057,South,Beauty,Lipstick,20.3,1,20.3
ORD00020,2025-02-09,CUST0085,Customer 085,South,Beauty,Moisturizer,61.36,1,61.36
ORD00030,2025-07-12,CUST0099,Customer 099,East,Beauty,Lipstick,22.34,2,44.68
ORD00079,2025-06-21,CUST0092,Customer 092,South,Sports,Dumbbells,242.92,1,242.92
ORD00450,2025-06-15,CUST0109,Customer 109,North,Beauty,Moisturizer,68.39,1,68.39
ORD00217,2025-06-30,CUST0022,Customer 022,West,Clothing,Sneakers,52.81,1,52.81
ORD00389,2025-04-06,CUST0100,Customer 100,South,Home & Kitchen,Vacuum Cleaner,50.44,1,50.44
ORD00465,2025-08-17,CUST0117,Customer 117,Central,Home & Kitchen,Blender,58.21,1,58.21
ORD00072,2025-05-16,CUST0007,Customer 007,Central,Home & Kitchen,Blender,295.35,1,295.35
ORD00095,2025-07-09,CUST0022,Customer 022,East,Sports,Yoga Mat,301.55,1,301.55
ORD00493,2025-06-02,CUST0012,Customer 012,North,Books,Comics,16.17,2,32.34
ORD00486,2025-02-23,CUST0071,Customer 071,Central,Books,Textbook,5.43,1,5.43
ORD00036,2025-01-29,CUST0036,Customer 036,West,Beauty,Sunscreen,141.71,2,283.42
ORD00129,2025-08-29,CUST0103,Customer 103,South,Beauty,Perfume,89.18,3,267.54
ORD00075,2025-02-20,CUST0054,Customer 054,East,Electronics,Smartwatch,1826.28,1,1826.28
ORD00218,2025-04-22,CUST0004,Customer 004,South,Sports,Tennis Racket,427.65,1,427.65
ORD00054,2025-08-02,CUST0011,Customer 011,Central,Books,Textbook,66.23,2,132.46
ORD00023,2025-03-06,CUST0089,Customer 089,North,Sports,Yoga Mat,493.64,2,987.28
ORD00174,2025-05-13,CUST0102,Customer 102,North,Clothing,Jacket,183.5,2,367.0
ORD00146,2025-05-25,CUST0071,Customer 071,West,Electronics,Laptop,1974.1,2,3948.2
ORD00429,2025-04-21,CUST0007,Customer 007,West,Electronics,Smartphone,1372.52,2,2745.04
ORD00408,2025-07-18,CUST0003,Customer 003,Central,Clothing,Jeans,161.39,1,161.39
ORD00167,2025-02-16,CUST0025,Customer 025,Central,Clothing,T-Shirt,89.47,4,357.88
ORD00455,2025-05-31,CUST0047,Customer 047,Central,Electronics,Smartphone,584.15,3,1752.45
ORD00164,2025-07-10,CUST0017,Customer 017,North,Books,Cookbook,25.98,1,25.98
ORD00405,2025-01-12,CUST0018,Customer 018,Central,Clothing,Jeans,174.23,1,174.23
ORD00091,2025-02-05,CUST0045,Customer 045,South,Home & Kitchen,Vacuum Cleaner,97.85,1,97.85
ORD00397,2025-04-09,CUST0013,Customer 013,North,Home & Kitchen,Vacuum Cleaner,345.33,2,690.66
ORD00211,2025-01-13,CUST0084,Customer 084,Central,Sports,Dumbbells,244.88,1,244.88
ORD00443,2025-04-15,CUST0036,Customer 036,East,Home & Kitchen,Microwave,36.02,1,36.02
ORD00496,2025-06-20,CUST0109,Customer 109,North,Home & Kitchen,Microwave,333.4,1,333.4
ORD00418,2025-03-29,CUST0041,Customer 041,West,Electronics,Tablet,597.78,5,2988.9
ORD00274,2025-06-10,CUST0049,Customer 049,South,Clothing,T-Shirt,158.29,1,158.29
ORD00482,2025-03-18,CUST0031,Customer 031,Central,Clothing,T-Shirt,150.31,3,450.93
ORD00398,2025-01-29,CUST0029,Customer 029,Central,Clothing,Dress,66.69,3,200.07
ORD00005,2025-08-24,CUST0030,Customer 030,North,Electronics,Smartphone,542.83,1,542.83
ORD00259,2025-05-21,CUST0104,Customer 104,South,Clothing,Jacket,106.12,2,212.24
ORD00219,2025-04-04,CUST0095,Customer 095,Central,Books,Novel,9.17,3,27.51
ORD00240,2025-06-03,CUST0062,Customer 062,West,Beauty,Shampoo,57.03,3,171.09
ORD00236,2025-03-17,CUST0099,Customer 099,Central,Books,Novel,9.99,2,19.98
ORD00463,2025-03-19,CUST0002,Customer 002,West,Beauty,Sunscreen,22.83,1,22.83
ORD00249,2025-07-04,CUST0097,Customer 097,West,Beauty,Shampoo,107.51,2,215.02
ORD00474,2025-06-24,CUST0034,Customer 034,West,Sports,Dumbbells,335.89,5,1679.45
ORD00128,2025-08-15,CUST0049,Customer 049,Central,Home & Kitchen,Air Fryer,299.37,1,299.37
ORD00424,2025-05-02,CUST0114,Customer 114,Central,Clothing,Dress,166.07,1,166.07
ORD00178,2025-08-20,CUST0032,Customer 032,South,Books,Biography,8.52,1,8.52
ORD00144,2025-05-02,CUST0066,Customer 066,West,Books,Textbook,11.1,1,11.1
ORD00485,2025-03-24,CUST0109,Customer 109,East,Clothing,T-Shirt,165.39,1,165.39
ORD00153,2025-06-02,CUST0056,Customer 056,West,Clothing,Jacket,110.39,1,110.39
ORD00327,2025-02-24,CUST0113,Customer 113,West,Beauty,Sunscreen,31.84,2,63.68
ORD00241,2025-03-30,CUST0018,Customer 018,North,Books,Textbook,66.24,1,66.24
ORD00081,2025-04-03,CUST0113,Customer 113,West,Clothing,Sneakers,115.03,2,230.06
ORD00118,2025-03-25,CUST0024,Customer 024,East,Home & Kitchen,Air Fryer,278.94,2,557.88
ORD00024,2025-08-24,CUST0008,Customer 008,West,Beauty,Perfume,5.8,3,17.4
ORD00444,2025-08-16,CUST0066,Customer 066,Central,Home & Kitchen,Blender,249.15,2,498.3
ORD00423,2025-04-13,CUST0066,Customer 066,West,Electronics,Smartwatch,1958.31,1,1958.31
ORD00334,2025-04-27,CUST0007,Customer 007,North,Clothing,Jacket,66.5,4,266.0
ORD00062,2025-04-23,CUST0002,Customer 002,North,Books,Textbook,79.72,5,398.6
ORD00109,2025-05-24,CUST0051,Customer 051,West,Beauty,Lipstick,114.89,1,114.89
ORD00469,2025-07-03,CUST0111,Customer 111,East,Sports,Bicycle Helmet,268.04,1,268.04
ORD00045,2025-04-28,CUST0032,Customer 032,Central,Electronics,Headphones,1109.76,2,2219.52
ORD00090,2025-06-01,CUST0013,Customer 013,Central,Electronics,Smartphone,300.95,1,300.95
ORD00233,2025-06-01,CUST0038,Customer 038,West,Beauty,Moisturizer,64.72,1,64.72
ORD00442,2025-07-07,CUST0024,Customer 024,Central,Electronics,Smartphone,1155.11,2,2310.22
ORD00445,2025-02-08,CUST0042,Customer 042,Central,Home & Kitchen,Toaster,397.05,1,397.05
ORD00299,2025-02-06,CUST0038,Customer 038,North,Books,Novel,63.04,1,63.04
ORD00221,2025-06-01,CUST0095,Customer 095,North,Electronics,Headphones,1808.73,2,3617.46
ORD00168,2025-08-30,CUST0109,Customer 109,East,Books,Comics,17.36,1,17.36
ORD00488,2025-04-03,CUST0089,Customer 089,South,Electronics,Tablet,1253.5,2,2507.0
ORD00008,2025-06-19,CUST0092,Customer 092,South,Beauty,Lipstick,146.19,1,146.19
ORD00116,2025-08-25,CUST0004,Customer 004,Central,Electronics,Smartphone,1289.32,4,5157.28
ORD00400,2025-07-14,CUST0081,Customer 081,North,Beauty,Sunscreen,144.67,1,144.67
ORD00246,2025-05-14,CUST0067,Customer 067,North,Books,Comics,52.08,1,52.08
ORD00137,2025-01-25,CUST0052,Customer 052,North,Beauty,Shampoo,102.52,2,205.04
ORD00447,2025-01-21,CUST0015,Customer 015,South,Books,Novel,22.68,2,45.36
ORD00298,2025-07-14,CUST0087,Customer 087,East,Books,Cookbook,7.57,3,22.71
ORD00416,2025-02-01,CUST0011,Customer 011,South,Home & Kitchen,Vacuum Cleaner,285.62,3,856.86
ORD00497,2025-03-21,CUST0047,Customer 047,Central,Beauty,Sunscreen,15.34,4,61.36
ORD00414,2025-07-24,CUST0081,Customer 081,East,Beauty,Perfume,6.68,1,6.68
ORD00220,2025-05-11,CUST0115,Customer 115,West,Books,Cookbook,6.37,2,12.74
ORD00280,2025-01-29,CUST0049,Customer 049,South,Clothing,Jeans,16.94,1,16.94
ORD00289,2025-03-13,CUST0054,Customer 054,North,Electronics,Headphones,777.65,2,1555.3
ORD00404,2025-07-08,CUST0035,Customer 035,East,Home & Kitchen,Microwave,36.68,2,73.36
ORD00229,2025-03-18,CUST0107,Customer 107,South,Beauty,Moisturizer,91.11,1,91.11
ORD00011,2025-03-14,CUST0039,Customer 039,South,Beauty,Sunscreen,6.92,4,27.68
ORD00029,2025-04-09,CUST0044,Customer 044,South,Sports,Dumbbells,324.22,3,972.66
ORD00336,2025-08-10,CUST0116,Customer 116,Central,Electronics,Smartwatch,1712.42,1,1712.42
ORD00208,2025-04-25,CUST0015,Customer 015,West,Sports,Football,65.86,2,131.72
ORD00125,2025-05-15,CUST0068,Customer 068,South,Clothing,T-Shirt,141.65,1,141.65
ORD00070,2025-07-08,CUST0041,Customer 041,North,Clothing,T-Shirt,43.43,1,43.43
ORD00162,2025-03-31,CUST0008,Customer 008,Central,Home & Kitchen,Air Fryer,157.51,2,315.02
ORD00195,2025-06-27,CUST0061,Customer 061,West,Books,Cookbook,19.42,1,19.42
ORD00138,2025-05-31,CUST0016,Customer 016,Central,Electronics,Tablet,1610.79,1,1610.79
ORD00458,2025-01-08,CUST0043,Customer 043,West,Books,Textbook,76.14,1,76.14
ORD00113,2025-02-02,CUST0094,Customer 094,South,Beauty,Perfume,99.22,1,99.22
ORD00101,2025-05-04,CUST0106,Customer 106,North,Electronics,Smartwatch,747.47,2,1494.94
ORD00440,2025-08-01,CUST0031,Customer 031,South,Electronics,Headphones,919.43,3,2758.29
ORD00387,2025-08-12,CUST0098,Customer 098,Central,Sports,Bicycle Helmet,180.81,2,361.62
ORD00394,2025-01-29,CUST0011,Customer 011,East,Beauty,Sunscreen,124.12,1,124.12
ORD00111,2025-08-26,CUST0062,Customer 062,East,Home & Kitchen,Air Fryer,288.87,1,288.87
ORD00284,2025-05-09,CUST0008,Customer 008,South,Beauty,Sunscreen,129.96,4,519.84
ORD00282,2025-06-24,CUST0114,Customer 114,South,Clothing,T-Shirt,109.63,1,109.63
ORD00188,2025-01-29,CUST0004,Customer 004,South,Beauty,Moisturizer,71.61,3,214.83
ORD00123,2025-08-03,CUST0081,Customer 081,North,Beauty,Lipstick,100.08,1,100.08
ORD00319,2025-08-27,CUST0020,Customer 020,North,Books,Novel,17.15,3,51.45
ORD00093,2025-05-23,CUST0092,Customer 092,West,Electronics,Laptop,1220.9,1,1220.9
ORD00399,2025-06-24,CUST0078,Customer 078,East,Beauty,Perfume,38.36,1,38.36
ORD00196,2025-01-05,CUST0082,Customer 082,West,Books,Biography,25.89,1,25.89
ORD00063,2025-07-16,CUST0037,Customer 037,South,Beauty,Sunscreen,132.98,1,132.98
ORD00483,2025-05-05,CUST0102,Customer 102,West,Clothing,Sneakers,72.14,2,144.28
ORD00175,2025-02-22,CUST0037,Customer 037,South,Sports,Bicycle Helmet,382.18,1,382.18
ORD00409,2025-01-24,CUST0060,Customer 060,North,Clothing,Jacket,193.83,1,193.83
ORD00046,2025-04-23,CUST0062,Customer 062,West,Books,Biography,77.88,5,389.4
ORD00303,2025-04-24,CUST0115,Customer 115,Central,Electronics,Laptop,1098.05,2,2196.1
ORD00434,2025-08-26,CUST0100,Customer 100,West,Books,Biography,60.82,3,182.46
ORD00131,2025-01-23,CUST0089,Customer 089,North,Electronics,Headphones,590.74,1,590.74
ORD00051,2025-08-06,CUST0032,Customer 032,South,Sports,Football,283.15,2,566.3
ORD00098,2025-08-24,CUST0108,Customer 108,East,Home & Kitchen,Blender,258.58,1,258.58
ORD00198,2025-03-31,CUST0046,Customer 046,West,Clothing,Jeans,79.21,2,158.42
ORD00216,2025-02-28,CUST0109,Customer 109,West,Sports,Football,175.22,4,700.88
ORD00239,2025-08-01,CUST0037,Customer 037,Central,Beauty,Sunscreen,123.11,2,246.22
ORD00396,2025-08-14,CUST0046,Customer 046,South,Sports,Dumbbells,242.24,4,968.96
ORD00494,2025-07-26,CUST0044,Customer 044,North,Home & Kitchen,Air Fryer,203.76,1,203.76
ORD00437,2025-02-25,CUST0105,Customer 105,South,Clothing,T-Shirt,103.72,1,103.72
ORD00064,2025-08-21,CUST0099,Customer 099,Central,Home & Kitchen,Air Fryer,287.63,3,862.89
ORD00346,2025-08-29,CUST0093,Customer 093,Central,Sports,Football,33.23,1,33.23
ORD00170,2025-01-11,CUST0085,Customer 085,East,Books,Textbook,61.22,1,61.22
ORD00248,2025-08-10,CUST0103,Customer 103,North,Sports,Yoga Mat,292.98,5,1464.9
ORD00258,2025-02-16,CUST0090,Customer 090,East,Home & Kitchen,Vacuum Cleaner,380.23,1,380.23
ORD00252,2025-06-08,CUST0047,Customer 047,West,Sports,Dumbbells,425.53,1,425.53
ORD00270,2025-03-31,CUST0075,Customer 075,Central,Clothing,Sneakers,185.36,1,185.36
ORD00380,2025-08-31,CUST0031,Customer 031,West,Home & Kitchen,Air Fryer,334.68,1,334.68
ORD00491,2025-01-09,CUST0003,Customer 003,West,Books,Cookbook,45.68,4,182.72
ORD00154,2025-02-27,CUST0044,Customer 044,North,Clothing,Jacket,195.8,2,391.6
ORD00461,2025-04-30,CUST0044,Customer 044,North,Sports,Dumbbells,231.49,3,694.47
ORD00041,2025-08-13,CUST0001,Customer 001,East,Home & Kitchen,Microwave,110.48,1,110.48
ORD00386,2025-03-11,CUST0083,Customer 083,South,Home & Kitchen,Blender,310.39,2,620.78
ORD00392,2025-02-19,CUST0014,Customer 014,Central,Home & Kitchen,Blender,390.06,5,1950.3
ORD00066,2025-04-26,CUST0075,Customer 075,South,Books,Textbook,75.17,2,150.34
ORD00207,2025-08-27,CUST0109,Customer 109,West,Clothing,Dress,174.77,1,174.77
ORD00009,2025-07-09,CUST0047,Customer 047,West,Home & Kitchen,Vacuum Cleaner,256.89,1,256.89
ORD00078,2025-01-04,CUST0035,Customer 035,Central,Books,Biography,62.64,1,62.64
ORD00059,2025-05-09,CUST0011,Customer 011,East,Home & Kitchen,Blender,152.9,1,152.9
ORD00251,2025-05-03,CUST0074,Customer 074,East,Books,Cookbook,30.66,3,91.98
ORD00120,2025-01-12,CUST0067,Customer 067,East,Home & Kitchen,Vacuum Cleaner,332.66,2,665.32
ORD00466,2025-06-28,CUST0078,Customer 078,South,Clothing,Dress,140.76,1,140.76
ORD00320,2025-03-22,CUST0062,Customer 062,West,Beauty,Perfume,143.51,1,143.51
ORD00142,2025-08-24,CUST0017,Customer 017,East,Home & Kitchen,Microwave,62.92,1,62.92
ORD00089,2025-06-19,CUST0119,Customer 119,Central,Electronics,Smartphone,926.59,1,926.59
ORD00459,2025-04-28,CUST0084,Customer 084,Central,Electronics,Smartwatch,851.81,2,1703.62
ORD00308,2025-02-10,CUST0038,Customer 038,North,Beauty,Shampoo,14.74,1,14.74
ORD00301,2025-04-18,CUST0024,Customer 024,East,Beauty,Moisturizer,21.56,2,43.12
ORD00324,2025-08-30,CUST0101,Customer 101,Central,Electronics,Laptop,154.33,5,771.65
ORD00255,2025-04-05,CUST0115,Customer 115,West,Home & Kitchen,Vacuum Cleaner,285.23,2,570.46
ORD00322,2025-02-09,CUST0017,Customer 017,North,Home & Kitchen,Toaster,179.8,2,359.6
ORD00061,2025-05-24,CUST0090,Customer 090,North,Beauty,Sunscreen,147.41,2,294.82
ORD00350,2025-04-30,CUST0030,Customer 030,Central,Beauty,Perfume,128.66,2,257.32
ORD00325,2025-04-12,CUST0098,Customer 098,West,Books,Biography,12.73,1,12.73
ORD00257,2025-03-15,CUST0104,Customer 104,East,Electronics,Headphones,1229.27,1,1229.27
ORD00302,2025-02-28,CUST0110,Customer 110,South,Home & Kitchen,Microwave,201.65,1,201.65
ORD00297,2025-07-16,CUST0020,Customer 020,East,Books,Biography,30.19,3,90.57
ORD00316,2025-01-11,CUST0036,Customer 036,West,Beauty,Perfume,109.26,1,109.26
ORD00433,2025-01-25,CUST0045,Customer 045,South,Sports,Football,313.63,1,313.63
ORD00047,2025-02-08,CUST0002,Customer 002,Central,Clothing,Dress,145.33,1,145.33
ORD00087,2025-08-22,CUST0002,Customer 002,South,Clothing,Sneakers,71.28,3,213.84
ORD00110,2025-07-25,CUST0092,Customer 092,Central,Books,Comics,8.45,1,8.45
ORD00361,2025-08-03,CUST0049,Customer 049,Central,Books,Biography,43.87,2,87.74
ORD00134,2025-07-08,CUST0105,Customer 105,South,Beauty,Sunscreen,127.84,1,127.84
ORD00017,2025-07-10,CUST0018,Customer 018,Central,Electronics,Headphones,1584.0,4,6336.0
ORD00304,2025-07-13,CUST0109,Customer 109,North,Sports,Dumbbells,210.24,1,210.24
ORD00194,2025-07-14,CUST0096,Customer 096,Central,Books,Comics,40.55,2,81.1
ORD00457,2025-03-17,CUST0094,Customer 094,Central,Books,Novel,15.93,1,15.93
ORD00117,2025-01-02,CUST0113,Customer 113,Central,Home & Kitchen,Toaster,350.2,2,700.4
ORD00356,2025-08-14,CUST0025,Customer 025,East,Books,Comics,60.75,1,60.75
ORD00331,2025-06-03,CUST0105,Customer 105,West,Beauty,Sunscreen,141.89,1,141.89
ORD00367,2025-01-29,CUST0009,Customer 009,West,Electronics,Laptop,232.1,3,696.3
ORD00295,2025-03-26,CUST0019,Customer 019,Central,Home & Kitchen,Toaster,71.04,3,213.12
ORD00028,2025-02-17,CUST0119,Customer 119,Central,Beauty,Shampoo,50.09,1,50.09
ORD00141,2025-05-26,CUST0111,Customer 111,East,Clothing,T-Shirt,37.17,2,74.34
ORD00199,2025-02-14,CUST0027,Customer 027,East,Books,Biography,7.95,2,15.9
ORD00378,2025-06-30,CUST0042,Customer 042,South,Beauty,Moisturizer,20.35,2,40.7
ORD00015,2025-06-13,CUST0050,Customer 050,East,Clothing,Dress,135.88,1,135.88
ORD00088,2025-05-17,CUST0043,Customer 043,South,Electronics,Headphones,1461.49,2,2922.98
ORD00266,2025-08-03,CUST0057,Customer 057,West,Electronics,Smartphone,764.47,1,764.47
ORD00263,2025-05-17,CUST0118,Customer 118,South,Beauty,Sunscreen,16.21,1,16.21
ORD00223,2025-04-04,CUST0120,Customer 120,North,Clothing,Sneakers,147.35,3,442.05
ORD00244,2025-08-13,CUST0111,Customer 111,North,Clothing,Dress,82.94,2,165.88
ORD00260,2025-04-21,CUST0104,Customer 104,East,Clothing,Dress,175.7,4,702.8
ORD00401,2025-08-09,CUST0021,Customer 021,East,Electronics,Smartwatch,1832.62,3,5497.86
ORD00355,2025-03-04,CUST0046,Customer 046,North,Clothing,Sneakers,124.15,4,496.6
ORD00104,2025-05-17,CUST0012,Customer 012,North,Home & Kitchen,Blender,178.36,1,178.36
ORD00150,2025-05-06,CUST0058,Customer 058,South,Home & Kitchen,Vacuum Cleaner,302.87,2,605.74
ORD00140,2025-05-13,CUST0035,Customer 035,West,Home & Kitchen,Blender,357.89,1,357.89
ORD00068,2025-08-05,CUST0099,Customer 099,West,Books,Biography,78.02,1,78.02
ORD00004,2025-06-01,CUST0003,Customer 003,North,Books,Biography,6.54,5,32.7
ORD00343,2025-02-24,CUST0099,Customer 099,North,Electronics,Smartwatch,1759.68,1,1759.68
ORD00057,2025-05-27,CUST0020,Customer 020,Central,Clothing,Sneakers,132.58,1,132.58
ORD00305,2025-01-22,CUST0107,Customer 107,Central,Sports,Yoga Mat,219.53,1,219.53
ORD00234,2025-02-18,CUST0069,Customer 069,Central,Home & Kitchen,Vacuum Cleaner,336.48,5,1682.4
ORD00374,2025-03-08,CUST0056,Customer 056,North,Clothing,Dress,135.8,2,271.6
ORD00052,2025-07-02,CUST0075,Customer 075,East,Books,Textbook,32.72,1,32.72
ORD00002,2025-07-08,CUST0021,Customer 021,South,Home & Kitchen,Microwave,83.51,1,83.51
ORD00019,2025-07-19,CUST0078,Customer 078,Central,Clothing,Dress,47.24,1,47.24
ORD00269,2025-06-03,CUST0041,Customer 041,East,Sports,Bicycle Helmet,70.42,1,70.42
ORD00470,2025-02-07,CUST0084,Customer 084,Central,Sports,Football,75.98,1,75.98
ORD00313,2025-08-08,CUST0062,Customer 062,North,Home & Kitchen,Air Fryer,219.59,1,219.59
ORD00026,2025-01-05,CUST0106,Customer 106,South,Beauty,Perfume,56.98,1,56.98
ORD00184,2025-07-11,CUST0098,Customer 098,South,Sports,Bicycle Helmet,185.03,2,370.06
ORD00358,2025-08-31,CUST0109,Customer 109,Central,Books,Biography,14.03,1,14.03
ORD00187,2025-01-30,CUST0119,Customer 119,West,Sports,Tennis Racket,268.95,2,537.9
ORD00044,2025-02-20,CUST0106,Customer 106,South,Beauty,Sunscreen,53.95,4,215.8
ORD00130,2025-08-12,CUST0037,Customer 037,Central,Sports,Yoga Mat,130.72,2,261.44
ORD00360,2025-04-30,CUST0006,Customer 006,West,Clothing,Jacket,162.15,2,324.3
ORD00245,2025-04-14,CUST0104,Customer 104,West,Beauty,Perfume,95.51,1,95.51
ORD00256,2025-02-12,CUST0027,Customer 027,Central,Books,Biography,30.93,1,30.93
ORD00271,2025-08-07,CUST0034,Customer 034,Central,Clothing,Jacket,184.51,2,369.02
ORD00391,2025-07-12,CUST0022,Customer 022,North,Sports,Yoga Mat,316.14,1,316.14
ORD00472,2025-01-08,CUST0114,Customer 114,South,Sports,Dumbbells,106.35,2,212.7
ORD00155,2025-02-16,CUST0021,Customer 021,Central,Sports,Bicycle Helmet,36.05,4,144.2
ORD00372,2025-01-28,CUST0069,Customer 069,North,Sports,Yoga Mat,495.87,1,495.87
ORD00500,2025-07-15,CUST0112,Customer 112,South,Sports,Dumbbells,268.7,2,537.4
ORD00071,2025-05-22,CUST0021,Customer 021,Central,Books,Textbook,18.41,1,18.41
ORD00454,2025-07-12,CUST0040,Customer 040,North,Home & Kitchen,Vacuum Cleaner,249.52,1,249.52
ORD00159,2025-05-24,CUST0087,Customer 087,Central,Sports,Yoga Mat,37.04,1,37.04
ORD00475,2025-06-20,CUST0074,Customer 074,North,Clothing,Sneakers,13.33,1,13.33
ORD00448,2025-04-10,CUST0112,Customer 112,East,Home & Kitchen,Microwave,250.7,2,501.4
ORD00272,2025-07-06,CUST0108,Customer 108,West,Clothing,Jacket,183.42,1,183.42
ORD00147,2025-03-11,CUST0031,Customer 031,East,Sports,Tennis Racket,248.61,1,248.61
ORD00206,2025-01-07,CUST0003,Customer 003,South,Electronics,Headphones,1806.13,2,3612.26
ORD00279,2025-06-28,CUST0056,Customer 056,North,Home & Kitchen,Air Fryer,361.77,1,361.77
ORD00395,2025-06-09,CUST0051,Customer 051,East,Sports,Yoga Mat,137.47,1,137.47
ORD00315,2025-04-25,CUST0026,Customer 026,East,Sports,Football,48.1,3,144.3
ORD00419,2025-06-09,CUST0079,Customer 079,Central,Electronics,Headphones,1072.94,2,2145.88
ORD00332,2025-01-10,CUST0016,Customer 016,East,Beauty,Sunscreen,139.16,1,139.16
ORD00065,2025-05-28,CUST0024,Customer 024,Central,Books,Biography,35.34,3,106.02
ORD00326,2025-07-06,CUST0049,Customer 049,East,Home & Kitchen,Toaster,76.31,4,305.24
ORD00492,2025-07-13,CUST0070,Customer 070,Central,Beauty,Lipstick,137.56,3,412.68
ORD00388,2025-08-10,CUST0037,Customer 037,South,Sports,Bicycle Helmet,64.72,4,258.88
ORD00169,2025-04-28,CUST0065,Customer 065,West,Clothing,Sneakers,101.27,5,506.35
ORD00077,2025-08-13,CUST0069,Customer 069,South,Books,Textbook,22.26,1,22.26
ORD00291,2025-02-04,CUST0096,Customer 096,North,Home & Kitchen,Microwave,395.77,2,791.54
ORD00412,2025-06-25,CUST0060,Customer 060,Central,Books,Comics,9.82,2,19.64
ORD00351,2025-02-06,CUST0025,Customer 025,West,Sports,Dumbbells,149.47,4,597.88
ORD00119,2025-02-02,CUST0033,Customer 033,North,Home & Kitchen,Air Fryer,329.2,3,987.6
ORD00214,2025-08-24,CUST0083,Customer 083,Central,Books,Textbook,33.41,1,33.41
ORD00354,2025-08-17,CUST0043,Customer 043,Central,Books,Textbook,49.14,5,245.7
ORD00359,2025-02-26,CUST0090,Customer 090,South,Sports,Bicycle Helmet,32.81,4,131.24
ORD00181,2025-05-13,CUST0094,Customer 094,East,Electronics,Laptop,1771.81,1,1771.81
ORD00349,2025-03-06,CUST0094,Customer 094,West,Beauty,Perfume,5.49,1,5.49
ORD00381,2025-04-17,CUST0053,Customer 053,North,Electronics,Tablet,1525.49,1,1525.49
ORD00100,2025-02-24,CUST0040,Customer 040,North,Beauty,Perfume,110.28,5,551.4
ORD00362,2025-08-29,CUST0061,Customer 061,West,Clothing,Jeans,59.44,2,118.88
ORD00136,2025-04-21,CUST0016,Customer 016,Central,Electronics,Smartphone,979.62,1,979.62
ORD00177,2025-06-22,CUST0077,Customer 077,West,Sports,Dumbbells,115.51,3,346.53
ORD00446,2025-05-05,CUST0012,Customer 012,South,Home & Kitchen,Air Fryer,168.94,1,168.94
ORD00484,2025-07-17,CUST0098,Customer 098,North,Clothing,Dress,154.83,2,309.66
ORD00085,2025-03-08,CUST0104,Customer 104,South,Home & Kitchen,Toaster,51.41,1,51.41
ORD00498,2025-02-05,CUST0075,Customer 075,North,Home & Kitchen,Blender,167.53,1,167.53
ORD00040,2025-05-08,CUST0119,Customer 119,West,Books,Biography,72.21,1,72.21
ORD00341,2025-04-03,CUST0086,Customer 086,Central,Home & Kitchen,Air Fryer,144.53,2,289.06
ORD00003,2025-03-16,CUST0075,Customer 075,North,Beauty,Lipstick,130.6,2,261.2
ORD00452,2025-03-25,CUST0002,Customer 002,South,Books,Comics,12.14,2,24.28
ORD00312,2025-07-18,CUST0010,Customer 010,East,Home & Kitchen,Blender,367.9,1,367.9
ORD00306,2025-01-29,CUST0109,Customer 109,North,Home & Kitchen,Air Fryer,284.21,2,568.42
ORD00069,2025-04-20,CUST0082,Customer 082,North,Home & Kitchen,Microwave,207.11,1,207.11
ORD00209,2025-01-28,CUST0074,Customer 074,South,Sports,Dumbbells,288.52,3,865.56
ORD00487,2025-03-17,CUST0071,Customer 071,South,Beauty,Sunscreen,86.7,1,86.7
ORD00421,2025-04-07,CUST0002,Customer 002,Central,Sports,Yoga Mat,274.11,3,822.33
ORD00254,2025-02-16,CUST0068,Customer 068,South,Electronics,Tablet,1486.17,2,2972.34
ORD00335,2025-08-30,CUST0059,Customer 059,East,Electronics,Headphones,1896.89,1,1896.89
ORD00340,2025-04-18,CUST0039,Customer 039,North,Home & Kitchen,Air Fryer,143.23,2,286.46
ORD00410,2025-01-15,CUST0025,Customer 025,West,Home & Kitchen,Microwave,25.46,2,50.92
ORD00112,2025-08-06,CUST0090,Customer 090,South,Clothing,Sneakers,103.41,1,103.41
ORD00225,2025-06-22,CUST0044,Customer 044,East,Clothing,Sneakers,48.96,5,244.8
ORD00431,2025-05-07,CUST0041,Customer 041,West,Sports,Yoga Mat,94.54,1,94.54
ORD00033,2025-02-11,CUST0077,Customer 077,East,Sports,Yoga Mat,112.83,3,338.49
ORD00074,2025-01-22,CUST0110,Customer 110,South,Electronics,Smartphone,1241.26,5,6206.3
ORD00048,2025-07-03,CUST0081,Customer 081,North,Beauty,Moisturizer,43.68,5,218.4
ORD00127,2025-06-13,CUST0010,Customer 010,South,Clothing,Jacket,90.46,2,180.92
ORD00114,2025-03-10,CUST0100,Customer 100,West,Clothing,T-Shirt,18.61,1,18.61
ORD00097,2025-07-07,CUST0101,Customer 101,West,Home & Kitchen,Microwave,220.84,2,441.68
ORD00226,2025-03-09,CUST0019,Customer 019,East,Sports,Yoga Mat,111.76,2,223.52
ORD00215,2025-06-29,CUST0026,Customer 026,West,Home & Kitchen,Air Fryer,252.83,1,252.83
ORD00058,2025-06-10,CUST0040,Customer 040,North,Electronics,Tablet,865.46,4,3461.84
ORD00124,2025-07-21,CUST0090,Customer 090,East,Beauty,Moisturizer,54.39,1,54.39
ORD00107,2025-01-16,CUST0061,Customer 061,South,Books,Cookbook,60.34,2,120.68
ORD00084,2025-01-18,CUST0025,Customer 025,East,Electronics,Laptop,880.18,3,2640.54
ORD00018,2025-07-09,CUST0100,Customer 100,North,Books,Comics,49.84,4,199.36
ORD00231,2025-01-13,CUST0040,Customer 040,South,Electronics,Smartwatch,1648.27,1,1648.27
ORD00099,2025-04-19,CUST0096,Customer 096,Central,Beauty,Lipstick,82.05,2,164.1
ORD00477,2025-08-07,CUST0072,Customer 072,East,Home & Kitchen,Vacuum Cleaner,323.32,4,1293.28
ORD00323,2025-04-14,CUST0042,Customer 042,Central,Electronics,Tablet,1000.41,1,1000.41
ORD00383,2025-02-08,CUST0066,Customer 066,East,Sports,Tennis Racket,154.21,2,308.42
ORD00366,2025-01-11,CUST0105,Customer 105,West,Sports,Tennis Racket,204.72,1,204.72
